student_id,course_id,completion_status,completion_grade
S0002,C026,completed,B
S0002,C027,completed,B
S0002,C025,completed,A
S0003,C026,completed,B
S0003,C027,completed,A
S0003,C025,completed,B
S0004,C011,completed,A
S0005,C009,completed,A
S0006,C002,completed,A
S0006,C004,completed,B
S0006,C003,completed,A
S0006,C006,completed,B
S0006,C005,completed,C
S0007,C030,completed,B
S0007,C025,completed,B
S0007,C027,completed,B
S0007,C026,completed,A
S0007,C029,completed,B
S0008,C001,completed,B
S0009,C019,completed,B
S0009,C017,completed,A
S0009,C018,completed,A
S0010,C035,completed,B
S0010,C034,completed,A
S0011,C030,completed,B
S0011,C026,completed,C
S0011,C028,completed,B
S0011,C027,completed,A
S0011,C029,completed,A
S0011,C025,completed,B
S0012,C012,completed,B
S0012,C009,completed,A
S0012,C011,completed,C
S0012,C010,completed,B
S0012,C013,completed,B
S0012,C014,completed,C
S0013,C010,completed,A
S0013,C011,completed,B
S0013,C012,completed,B
S0013,C013,completed,B
S0013,C009,completed,A
S0014,C003,completed,C
S0014,C001,completed,A
S0014,C002,completed,B
S0015,C033,completed,B
S0015,C034,completed,B
S0015,C035,completed,C
S0016,C026,completed,A
S0016,C025,completed,C
S0016,C027,completed,A
S0017,C009,completed,A
S0017,C010,completed,A
S0017,C011,completed,B
S0018,C009,completed,C
S0018,C010,completed,A
S0019,C009,completed,A
S0019,C014,completed,C
S0019,C013,completed,C
S0019,C011,completed,A
S0019,C012,completed,C
S0019,C010,completed,A
S0020,C002,completed,A
S0020,C004,completed,B
S0020,C003,completed,A
S0020,C006,completed,A
S0020,C001,completed,C
S0021,C035,completed,B
S0021,C034,completed,B
S0021,C033,completed,B
S0022,C003,completed,A
S0022,C001,completed,B
S0022,C002,completed,A
S0023,C033,completed,B
S0023,C037,completed,A
S0023,C034,completed,B
S0023,C036,completed,A
S0023,C035,completed,B
S0024,C019,completed,A
S0025,C001,completed,B
S0025,C002,completed,A
S0025,C003,completed,B
S0026,C011,completed,B
S0026,C010,completed,B
S0026,C009,completed,B
S0027,C018,completed,C
S0027,C019,completed,A
S0027,C020,completed,A
S0027,C017,completed,A
S0027,C021,completed,C
S0027,C022,completed,B
S0028,C010,completed,B
S0028,C009,completed,C
S0028,C011,completed,B
S0029,C010,completed,B
S0029,C011,completed,A
S0029,C009,completed,A
S0030,C004,completed,C
S0030,C003,completed,A
S0030,C006,completed,B
S0030,C005,completed,B
S0030,C001,completed,B
S0030,C002,completed,A
S0031,C009,completed,C
S0031,C011,completed,B
S0031,C010,completed,B
S0032,C025,completed,B
S0032,C026,completed,B
S0032,C027,completed,B
S0033,C021,completed,C
S0033,C017,completed,A
S0033,C019,completed,B
S0033,C020,completed,A
S0033,C018,completed,A
S0034,C035,completed,B
S0034,C034,completed,A
S0034,C033,completed,B
S0035,C034,completed,B
S0035,C037,completed,B
S0035,C035,completed,B
S0035,C033,completed,B
S0035,C036,completed,C
S0036,C028,completed,C
S0036,C026,completed,B
S0036,C029,completed,B
S0036,C030,completed,B
S0036,C027,completed,B
S0036,C025,completed,B
S0037,C026,completed,B
S0038,C018,completed,A
S0038,C019,completed,B
S0038,C017,completed,A
S0039,C026,completed,B
S0039,C027,completed,B
S0040,C013,completed,B
S0040,C009,completed,B
S0040,C012,completed,B
S0040,C010,completed,A
S0040,C011,completed,B
S0041,C006,completed,C
S0041,C004,completed,B
S0041,C001,completed,B
S0041,C003,completed,A
S0041,C002,completed,B
S0041,C005,completed,B
S0042,C035,completed,B
S0043,C018,completed,C
S0043,C017,completed,A
S0044,C034,completed,B
S0044,C035,completed,B
S0044,C033,completed,A
S0045,C009,completed,A
S0045,C011,completed,B
S0045,C010,completed,B
S0046,C018,completed,A
S0046,C017,completed,B
S0046,C019,completed,B
S0047,C002,completed,A
S0047,C001,completed,C
S0047,C003,completed,B
S0049,C004,completed,C
S0049,C001,completed,A
S0049,C003,completed,A
S0049,C006,completed,B
S0049,C005,completed,A
S0049,C002,completed,A
S0050,C017,completed,B
S0050,C019,completed,B
S0050,C018,completed,B
S0051,C010,completed,B
S0051,C011,completed,B
S0052,C003,completed,B
S0053,C009,completed,B
S0053,C011,completed,A
S0053,C010,completed,B
S0054,C033,completed,C
S0054,C035,completed,A
S0054,C034,completed,B
S0055,C026,completed,C
S0055,C025,completed,B
S0055,C027,completed,B
S0056,C034,completed,A
S0057,C003,completed,A
S0057,C005,completed,B
S0057,C002,completed,C
S0057,C001,completed,B
S0057,C006,completed,B
S0058,C035,completed,A
S0059,C017,completed,B
S0059,C019,completed,B
S0059,C018,completed,A
S0060,C009,completed,A
S0060,C010,completed,B
S0060,C014,completed,B
S0060,C012,completed,A
S0060,C013,completed,B
S0060,C011,completed,A
S0061,C010,completed,A
S0062,C011,completed,A
S0062,C009,completed,B
S0062,C010,completed,A
S0063,C027,completed,A
S0063,C026,completed,B
S0063,C025,completed,C
S0065,C010,completed,B
S0066,C030,completed,A
S0066,C027,completed,A
S0066,C028,completed,B
S0066,C025,completed,C
S0066,C026,completed,B
S0066,C029,completed,A
S0067,C020,completed,B
S0067,C019,completed,B
S0067,C021,completed,C
S0067,C022,completed,A
S0067,C017,completed,B
S0068,C034,completed,B
S0068,C035,completed,C
S0068,C033,completed,A
S0069,C026,completed,A
S0069,C027,completed,B
S0069,C029,completed,C
S0069,C030,completed,B
S0069,C025,completed,A
S0070,C010,completed,A
S0070,C013,completed,B
S0070,C011,completed,C
S0070,C014,completed,C
S0070,C012,completed,C
S0070,C009,completed,A
S0071,C019,completed,C
S0072,C009,completed,C
S0072,C010,completed,B
S0072,C011,completed,C
S0072,C012,completed,A
S0072,C013,completed,B
S0072,C014,completed,A
S0073,C010,completed,B
S0073,C011,completed,B
S0073,C009,completed,A
S0074,C033,completed,A
S0074,C034,completed,A
S0074,C036,completed,B
S0074,C037,completed,B
S0074,C035,completed,A
S0075,C017,completed,A
S0075,C018,completed,B
S0075,C019,completed,C
S0076,C010,completed,B
S0076,C011,completed,B
S0076,C009,completed,B
S0077,C034,completed,A
S0077,C035,completed,B
S0077,C033,completed,A
S0078,C011,completed,A
S0078,C010,completed,B
S0079,C025,completed,B
S0079,C027,completed,A
S0080,C013,completed,C
S0080,C011,completed,B
S0080,C009,completed,B
S0080,C014,completed,A
S0080,C012,completed,A
S0080,C010,completed,A
S0081,C035,completed,B
S0082,C037,completed,B
S0082,C035,completed,A
S0082,C033,completed,B
S0082,C034,completed,B
S0082,C036,completed,A
S0083,C018,completed,B
S0083,C021,completed,A
S0083,C022,completed,B
S0083,C019,completed,B
S0083,C017,completed,B
S0083,C020,completed,B
S0084,C035,completed,B
S0084,C033,completed,B
S0084,C034,completed,B
S0085,C035,completed,B
S0085,C033,completed,A
S0085,C034,completed,B
S0086,C009,completed,B
S0086,C014,completed,A
S0086,C011,completed,C
S0086,C010,completed,B
S0086,C012,completed,B
S0086,C013,completed,B
S0087,C025,completed,B
S0088,C018,completed,B
S0088,C019,completed,B
S0088,C017,completed,C
S0089,C027,completed,B
S0089,C026,completed,A
S0089,C025,completed,C
S0091,C010,completed,A
S0091,C014,completed,C
S0091,C013,completed,C
S0091,C011,completed,B
S0091,C012,completed,A
S0091,C009,completed,C
S0092,C002,completed,B
S0092,C001,completed,B
S0092,C003,completed,B
S0093,C033,completed,B
S0093,C034,completed,A
S0093,C037,completed,A
S0093,C036,completed,B
S0093,C035,completed,B
S0094,C013,completed,B
S0094,C011,completed,A
S0094,C014,completed,A
S0094,C010,completed,B
S0094,C009,completed,B
S0094,C012,completed,B
S0095,C013,completed,B
S0095,C012,completed,B
S0095,C009,completed,B
S0095,C011,completed,A
S0095,C014,completed,C
S0095,C010,completed,C
S0097,C010,completed,A
S0097,C009,completed,A
S0097,C011,completed,B
S0098,C018,completed,A
S0098,C020,completed,B
S0098,C019,completed,B
S0098,C022,completed,A
S0098,C021,completed,B
S0098,C017,completed,C
S0099,C029,completed,A
S0099,C027,completed,C
S0099,C025,completed,B
S0099,C028,completed,A
S0099,C030,completed,B
S0099,C026,completed,B
S0100,C033,completed,C
S0100,C035,completed,A
S0100,C034,completed,A
S0101,C035,completed,C
S0101,C033,completed,A
S0101,C034,completed,A
S0102,C033,completed,A
S0102,C035,completed,A
S0102,C034,completed,B
S0103,C033,completed,A
S0103,C034,completed,B
S0104,C001,completed,C
S0105,C025,completed,C
S0105,C028,completed,C
S0105,C030,completed,A
S0105,C029,completed,A
S0105,C027,completed,B
S0105,C026,completed,A
S0106,C027,completed,A
S0106,C025,completed,B
S0106,C026,completed,C
S0107,C018,completed,B
S0109,C033,completed,A
S0109,C035,completed,B
S0110,C018,completed,B
S0110,C017,completed,B
S0110,C020,completed,A
S0110,C022,completed,B
S0110,C019,completed,B
S0110,C021,completed,B
S0111,C033,completed,B
S0111,C034,completed,A
S0111,C037,completed,B
S0111,C035,completed,B
S0111,C036,completed,A
S0112,C019,completed,B
S0112,C017,completed,B
S0112,C018,completed,B
S0113,C003,completed,A
S0113,C001,completed,A
S0113,C002,completed,B
S0114,C017,completed,B
S0115,C033,completed,B
S0115,C035,completed,A
S0115,C034,completed,C
S0116,C017,completed,A
S0116,C022,completed,B
S0116,C020,completed,B
S0116,C019,completed,B
S0116,C018,completed,A
S0117,C003,completed,C
S0117,C002,completed,B
S0117,C001,completed,B
S0118,C001,completed,A
S0118,C003,completed,B
S0118,C002,completed,A
S0119,C029,completed,B
S0119,C025,completed,A
S0119,C028,completed,A
S0119,C027,completed,B
S0119,C026,completed,A
S0120,C002,completed,B
S0120,C006,completed,B
S0120,C001,completed,A
S0120,C003,completed,B
S0120,C004,completed,B
S0120,C005,completed,B
S0122,C027,completed,B
S0122,C026,completed,A
S0123,C027,completed,C
S0124,C009,completed,A
S0125,C002,completed,B
S0126,C003,completed,B
S0126,C002,completed,A
S0126,C001,completed,B
S0127,C034,completed,C
S0127,C033,completed,B
S0127,C035,completed,A
S0128,C026,completed,A
S0128,C028,completed,A
S0128,C029,completed,B
S0128,C027,completed,B
S0128,C030,completed,C
S0129,C034,completed,A
S0129,C033,completed,B
S0129,C035,completed,B
S0129,C036,completed,B
S0129,C037,completed,B
S0130,C033,completed,A
S0131,C002,completed,A
S0132,C017,completed,B
S0133,C009,completed,C
S0133,C011,completed,A
S0133,C010,completed,B
S0134,C019,completed,C
S0134,C017,completed,C
S0135,C018,completed,A
S0135,C019,completed,B
S0135,C017,completed,A
S0136,C005,completed,C
S0136,C006,completed,C
S0136,C003,completed,B
S0136,C002,completed,B
S0136,C001,completed,B
S0136,C004,completed,B
S0137,C027,completed,B
S0137,C029,completed,B
S0137,C030,completed,B
S0137,C028,completed,B
S0137,C026,completed,A
S0137,C025,completed,C
S0139,C014,completed,B
S0139,C011,completed,C
S0139,C012,completed,A
S0139,C010,completed,A
S0139,C013,completed,A
S0140,C018,completed,A
S0140,C019,completed,A
S0140,C021,completed,A
S0140,C017,completed,B
S0140,C020,completed,B
S0140,C022,completed,A
S0141,C034,completed,C
S0141,C033,completed,A
S0141,C035,completed,B
S0141,C037,completed,A
S0141,C036,completed,B
S0142,C025,completed,A
S0142,C027,completed,A
S0142,C026,completed,B
S0144,C035,completed,B
S0144,C034,completed,B
S0145,C001,completed,B
S0146,C033,completed,B
S0146,C034,completed,B
S0146,C035,completed,A
S0147,C004,completed,B
S0147,C006,completed,B
S0147,C003,completed,B
S0147,C002,completed,B
S0147,C001,completed,C
S0147,C005,completed,B
S0148,C026,completed,A
S0148,C027,completed,A
S0148,C025,completed,B
S0150,C030,completed,B
S0150,C027,completed,A
S0150,C025,completed,C
S0150,C026,completed,B
S0150,C028,completed,B
S0150,C029,completed,B
S0151,C010,completed,B
S0151,C011,completed,A
S0153,C033,completed,B
S0153,C034,completed,B
S0153,C035,completed,B
S0154,C011,completed,A
S0154,C009,completed,B
S0155,C020,completed,A
S0155,C018,completed,B
S0155,C019,completed,B
S0155,C017,completed,A
S0155,C022,completed,B
S0156,C025,completed,A
S0156,C026,completed,A
S0157,C027,completed,A
S0157,C025,completed,B
S0158,C001,completed,C
S0158,C002,completed,A
S0158,C003,completed,C
S0160,C025,completed,B
S0161,C002,completed,A
S0161,C001,completed,B
S0161,C003,completed,A
S0162,C025,completed,B
S0162,C027,completed,A
S0162,C026,completed,A
S0163,C030,completed,A
S0163,C027,completed,C
S0163,C028,completed,B
S0163,C025,completed,C
S0163,C029,completed,B
S0164,C011,completed,A
S0164,C013,completed,C
S0164,C012,completed,C
S0164,C009,completed,A
S0164,C014,completed,B
S0164,C010,completed,B
S0165,C011,completed,A
S0165,C010,completed,B
S0166,C020,completed,A
S0166,C017,completed,C
S0166,C021,completed,B
S0166,C018,completed,A
S0166,C022,completed,A
S0166,C019,completed,B
S0167,C035,completed,B
S0167,C033,completed,C
S0168,C036,completed,C
S0168,C035,completed,C
S0168,C033,completed,B
S0168,C037,completed,B
S0168,C034,completed,A
S0169,C010,completed,B
S0169,C009,completed,B
S0170,C018,completed,B
S0170,C019,completed,B
S0170,C017,completed,B
S0171,C010,completed,B
S0171,C009,completed,B
S0174,C026,completed,B
S0174,C029,completed,B
S0174,C028,completed,A
S0174,C025,completed,C
S0174,C030,completed,A
S0175,C013,completed,C
S0175,C010,completed,B
S0175,C009,completed,B
S0175,C012,completed,B
S0175,C011,completed,A
S0176,C034,completed,C
S0176,C033,completed,B
S0177,C026,completed,B
S0178,C003,completed,B
S0178,C001,completed,B
S0178,C002,completed,B
S0179,C035,completed,B
S0179,C033,completed,B
S0179,C034,completed,C
S0180,C011,completed,A
S0180,C009,completed,B
S0180,C010,completed,B
S0181,C033,completed,B
S0183,C034,completed,A
S0183,C033,completed,B
S0183,C035,completed,B
S0184,C010,completed,A
S0184,C009,completed,A
S0184,C011,completed,C
S0185,C006,completed,B
S0185,C003,completed,A
S0185,C004,completed,A
S0185,C001,completed,A
S0185,C002,completed,C
S0185,C005,completed,C
S0186,C011,completed,B
S0186,C010,completed,B
S0186,C009,completed,B
S0187,C011,completed,B
S0187,C014,completed,B
S0187,C009,completed,B
S0187,C012,completed,B
S0187,C010,completed,C
S0188,C014,completed,B
S0188,C009,completed,B
S0188,C013,completed,B
S0188,C012,completed,A
S0188,C011,completed,B
S0191,C001,completed,A
S0191,C002,completed,A
S0191,C003,completed,B
S0192,C033,completed,C
S0192,C034,completed,A
S0192,C035,completed,C
S0193,C035,completed,A
S0193,C036,completed,B
S0193,C033,completed,A
S0193,C034,completed,B
S0193,C037,completed,A
S0195,C035,completed,A
S0195,C037,completed,B
S0195,C034,completed,B
S0195,C036,completed,C
S0195,C033,completed,B
S0197,C001,completed,B
S0197,C002,completed,B
S0197,C004,completed,C
S0197,C006,completed,C
S0197,C005,completed,A
S0198,C003,completed,B
S0198,C002,completed,A
S0198,C001,completed,C
S0199,C021,completed,B
S0199,C019,completed,C
S0199,C017,completed,B
S0199,C020,completed,A
S0199,C018,completed,B
S0199,C022,completed,A
S0200,C013,completed,C
S0200,C009,completed,B
S0200,C012,completed,B
S0200,C014,completed,B
S0200,C011,completed,C
